{
  "cx": 664.1648958927138,
  "cy": 386.4018431883505,
  "fx": 879.5419528864978,
  "fy": 885.234248334781,
  "k1": 0.029756892138901016,
  "k2": -0.1097276929727145,
  "k3": 0.1680981003671364,
  "p1": 0.004815410360597772,
  "p2": 0.009798751076621672
}
