{
    "cx": 694.6577752380504,
    "cy": 567.554118448812,
    "fx": 640.0812459453934,
    "fy": 638.2746313930973,
    "k1": -0.040370336267065265,
    "k2": -0.05631892229192648,
    "k3": 0.024351385944273815,
    "p1": -0.031506759624962195,
    "p2": -0.01634307783845015
}