{
  "cx": 708.3339996202524,
  "cy": 523.773397699,
  "fx": 668.070079771524,
  "fy": 668.459917043277,
  "k1": -0.2526947177238511,
  "k2": 0.06732422718169875,
  "k3": -0.007868332411181003,
  "p1": 0.0006707850515383894,
  "p2": 2.8239418839154137e-05
}
