{
"cx": 739.1800512776339,
"cy": 540.8622914015158,
"fx": 658.0786047298809,
"fy": 653.2011114251166,
"k1": -0.25512405808948624,
"k2": 0.06824198790377288,
"k3": -0.007998912603428254,
"p1": 0.0004381182404587376,
"p2": 0.0007400379390085594
}
