{
    "cx": 322.411773681641,
    "cy": 243.051162719727,
    "fx": 617.468322753906,
    "fy": 617.066162109375,
    "k1": 0,
    "k2": 0,
    "k3": 0,
    "p1": 0,
    "p2": 0
}
