{
  "cx": 328.8314577185293,
  "cy": 237.10848782306266,
  "fx": 268.2412812576585,
  "fy": 268.14686429710963,
  "k1": -0.3252787434093968,
  "k2": 0.10828310877061427,
  "k3": -0.01602174697928819,
  "p1": 0.0005761883278991376,
  "p2": -1.1626334204128625e-05
}

