{
    "cx": 638.5507640821135,
    "cy": 349.47946897886413,
    "fx": 904.373706032554,
    "fy": 909.4950922588149,
    "k1": 0.05013735803076069,
    "k2": 0.01164596650938219,
    "k3": -0.1509152727222328,
    "p1": -0.004501390215726965,
    "p2": -0.0026426089160874145
}
