{
    "cx": 641.4976523797436,
    "cy": 381.54191394496223,
    "fx": 918.4721478084281,
    "fy": 917.1518257388205,
    "k1": 0.019510382388019654,
    "k2": -0.0011021250275059069,
    "k3": -0.054832353583514945,
    "p1": -0.005277469446729675,
    "p2": -0.0018672464521842765
}
