{
  "cx": 617.8050027563484,
  "cy": 322.36475213674925,
  "fx": 849.3011754855635,
  "fy": 853.5625348323995,
  "k1": 0.01244057746778064,
  "k2": -0.02579803286541711,
  "k3": -0.003492266428594218,
  "p1": -0.006970367166397368,
  "p2": -0.0034192180447074564
}
