  {
    "cx": 325.93629969454014,
    "cy": 244.08783957073035,
    "fx": 260.988116026936,
    "fy": 260.9415900613357,
    "k1": -0.3401070536864905,
    "k2": 0.13406642973343538,
    "k3": -0.024310816265123464,
    "p1": -0.002982875635234518,
    "p2": -0.0013877053151684598
}
