{
    "cx": 654.4637884685912,
    "cy": 340.9290888432668,
    "fx": 921.1238388305248,
    "fy": 918.864944817556,
    "k1": 0.059340320743775765,
    "k2": -0.10012596998005686,
    "k3": 0.03357195927612381,
    "p1": -0.010696244546354141,
    "p2": -0.002256448406371818
}
