{
    "cx": 148.67860270452442,
    "cy": 235.78435599740183,
    "fx": 809.0877759405864,
    "fy": 5635.756893219708,
    "k1": 1.4620259498515122,
    "k2": -8.565811032927963,
    "k3": 8.722585051184083,
    "p1": -0.021447819743021974,
    "p2": 0.08678785204049777
}
