{
    "cx": 638.2650935429168,
    "cy": 358.6191455700303,
    "fx": 904.5790595560726,
    "fy": 904.5806554253405,
    "k1": 0.037742734433861114,
    "k2": -0.04979316783091832,
    "k3": -0.008355757299912857,
    "p1": 0.000449113775435845,
    "p2": -0.0003709667348390379
}
