{
    "cx": 317.5254042496354,
    "cy": 287.2128894876166,
    "fx": 61.52607543552194,
    "fy": 62.05714751861795,
    "k1": -0.01645514677029341,
    "k2": 0.0002658938983917109,
    "k3": -1.7909161529686493e-06,
    "p1": -0.008321243213448673,
    "p2": 0.0008572265017238702
}
