{
    "cx": 736.4239962270037,
    "cy": 525.5556668901215,
    "fx": 656.3282507460298,
    "fy": 658.6004227231147,
    "k1": -0.2388875422333178,
    "k2": 0.056290065774981905,
    "k3": -0.005700934655141307,
    "p1": 0.00015935119531453848,
    "p2": -0.00016418580282005985
}
