{
    "cx": 2904.9325683155394,
    "cy": 2173.160530553369,
    "fx": 4716.203466305979,
    "fy": 4216.366463382422,
    "k1": -0.22437051943559497,
    "k2": 0.13513437800506628,
    "k3": -0.03991529610093212,
    "p1": 0.012983820511451796,
    "p2": 0.056950183933824894
}

