{
    "cx": 631.1807078641325,
    "cy": 399.3051603994019,
    "fx": 905.4343172084684,
    "fy": 905.0217994058659,
    "k1": 0.04175770867385965,
    "k2": -0.07919120051340409,
    "k3": 0.014128797448067021,
    "p1": -0.0023943526206403067,
    "p2": -0.003217715458550516
}
