{
    "cx": 740.7651811472064,
    "cy": 556.3293959345589,
    "fx": 721.7514660647767,
    "fy": 720.1488719397199,
    "k1": -0.27063767925410426,
    "k2": 0.07624372908506646,
    "k3": -0.009066319468599763,
    "p1": -0.0025028993864182805,
    "p2": 0.0007774622856860312
}

