{
  "translation_x": 0.2897,
  "translation_y": 0.3608,
  "translation_z": 0.3434,
  "rotation_x": 0.0,
  "rotation_y": -0.261799,
  "rotation_z": 0.78539816339
}
