{
  "translation_x": 0.305387,
  "translation_y": -0.354085,
  "translation_z": 0.292309,
  "rotation_x": 0.0,
  "rotation_y": -0.261799388,
  "rotation_z": -0.785398
}
