{
    "cx": 631.1807078641325,
    "cy": 399.3051603994019,
    "fx": 905.4343172084684,
    "fy": 905.0217994058659,
    "k1": 0.0,
    "k2": 0.0,
    "k3": 0.0,
    "p1": 0.0,
    "p2": 0.0
}%
