{
    "cx": 642.4967250577763,
    "cy": 421.9852711165147,
    "fx": 896.4156102015556,
    "fy": 896.5943754377341,
    "k1": 0.037473669453764555,
    "k2": -0.08209649993614554,
    "k3": 0.02896141051361048,
    "p1": 0.00537699080347837,
    "p2": 0.00035625234846317763
}
