{
    "cx": 642.4967250577763,
    "cy": 421.9852711165147,
    "fx": 896.4156102015556,
    "fy": 896.5943754377341,
    "k1": 0.0,
    "k2": 0.0,
    "k3": 0.0,
    "p1": 0.0,
    "p2": 0.0
}
