{
    "cx": 767.0168907338018,
    "cy": 555.1444875006405,
    "fx": 672.7797455457629,
    "fy": 673.5767669370204,
    "k1": -0.26368167761035677,
    "k2": 0.0783340641782426,
    "k3": -0.01095622163537913,
    "p1": 8.213596484611026e-07,
    "p2": -0.0003406707158968368
}