{
    "cx": 731.833596488383,
    "cy": 553.2046372043442,
    "fx": 658.506004569981,
    "fy": 657.6144648665654,
    "k1": -0.2829481598354545,
    "k2": 0.08971933793722224,
    "k3": -0.010088629469118598,
    "p1": -0.0007075058177606282,
    "p2": 0.000435467197549459
}