{
    "cx": 715.4946795279388,
    "cy": 542.2995843843513,
    "fx": 1054.2117130530753,
    "fy": 1011.984902500035,
    "k1": -0.34935895359348773,
    "k2": 0.15913555206219468,
    "k3": -0.03750579354841912,
    "p1": 0.001597728691772304,
    "p2": -0.004918948460386619
}