{
    "cx": 669.6571418509437,
    "cy": 386.5080452595225,
    "fx": 898.443795092944,
    "fy": 898.4888081021497,
    "k1": 0,
    "k2": 0,
    "k3": 0,
    "p1": 0,
    "p2": 0
}
