{
    "cx": 932.1681813421546,
    "cy": 451.4312769210836,
    "fx": 596.9032778242522,
    "fy": 596.0093667435602,
    "k1": 0.012256864304443962,
    "k2": -0.030684524680962985,
    "k3": 0.0052060693388187125,
    "p1": 0.0005970467587180883,
    "p2": -0.00048007187075744856
}
