  {
    "cx": 619.9026951017695,
    "cy": 372.2792812903024,
    "fx": 539.3898006061588,
    "fy": 539.0735059998198,
    "k1": -0.3241468189388152,
    "k2": 0.10782527225392564,
    "k3": -0.016410664585260946,
    "p1": 0.00013396458313481827,
    "p2": -0.0002794187083645791
}

