{
    "cx": 309.07229926436094,
    "cy": 207.06502043841397,
    "fx": 264.3800977128996,
    "fy": 264.28074334544596,
    "k1": 0,
    "k2": 0,
    "k3": 0,
    "p1": 0,
    "p2": 0
}

