{
    "cx": 966.7298598463071,
    "cy": 559.3779455695092,
    "fx": 864.0341071662455,
    "fy": 863.7865920549438,
    "k1": -0.0035943462591191033,
    "k2": -0.017627266952092,
    "k3": 0.0042514481815083445,
    "p1": 0.0005842365843839341,
    "p2": -0.00047438204177370827
}
