{
    "cx": 621.4054415284007,
    "cy": 377.19935432826105,
    "fx": 886.4673070333562,
    "fy": 886.080397835061,
    "k1": 0.030454662018661476,
    "k2": -0.0712290668217828,
    "k3": 0.014623358352295522,
    "p1": 0.002924114510235982,
    "p2": -0.0048412744735253956
}
