{
    "cx": 946.1867448855343,
    "cy": 524.3148751080015,
    "fx": 866.6798661418417,
    "fy": 866.9639764876462,
    "k1": -0.0016197059133473053,
    "k2": -0.019115596215419257,
    "k3": 0.004947613093433118,
    "p1": -0.0006090588529455177,
    "p2": 0.00032779344951164736
}
