{
    "cx": 322.23919643207455,
    "cy": 248.92916509909364,
    "fx": 381.70473535345764,
    "fy": 381.43307964283673,
    "k1": -0.012783259043397192,
    "k2": -0.003846858248520374,
    "k3": -0.0054973986428732136,
    "p1": 0.0007626030915639519,
    "p2": -0.0012191876443755766
}
