{
  "translation_x": 0.0177805,
  "translation_y": 0.3729405,
  "translation_z": 0.333312,
  "rotation_x": 0.0,
  "rotation_y": 0.0,
  "rotation_z": 1.57079632679
}
