{
    "cx": 629.3763960530765,
    "cy": 345.8039722979565,
    "fx": 626.1919776997038,
    "fy": 615.1814083042444,
    "k1": -0.34300344489109336,
    "k2": 0.09865214667601932,
    "k3": -0.011059761887752633,
    "p1": -0.0025337763334503487,
    "p2": 0.003905376884777295
}

