{
    "cx": 654.1347738292703,
    "cy": 344.94298934911706,
    "fx": 393.99373922524524,
    "fy": 393.9995160742635,
    "k1": 0.003587214416772569,
    "k2": -0.02591737917812022,
    "k3": 0.004322781817780432,
    "p1": 0.0005573558103478626,
    "p2": 0.00015518086763949464
}

