{
    "cx": 643.7335866936364,
    "cy": 332.80101877317213,
    "fx": 590.3564516130647,
    "fy": 573.486444720242,
    "k1": -0.2850463222494039,
    "k2": 0.06417631064949471,
    "k3": -0.005725598463420703,
    "p1": -0.0008144409761779868,
    "p2": -0.0009373610997218963
}
