{
    "cx": 634.5622627283211,
    "cy": 328.2705214494035,
    "fx": 395.8284228557467,
    "fy": 395.97447181367716,
    "k1": 0.015117184810651744,
    "k2": -0.03220914878552987,
    "k3": 0.005502439774981659,
    "p1": -0.000373796789429061,
    "p2": -7.093386432391738e-05
}
