{
    "cx": 576.8676693882868,
    "cy": 310.2440440550155,
    "fx": 853.7605688542762,
    "fy": 830.6282246308465,
    "k1": -0.8767905950093825,
    "k2": 1.22067951797066,
    "k3": -0.7839601993464584,
    "p1": -0.010873961767430034,
    "p2": 0.01596714778085453
}

