{
    "cx": 612.968210526599,
    "cy": 377.1435933919688,
    "fx": 861.408614673755,
    "fy": 861.0712379574069,
    "k1": -0.020099783095829382,
    "k2": 0.010730427254559392,
    "k3": -0.018096556025182103,
    "p1": 0.0025526897306992523,
    "p2": -0.0015198902705088402
}
