{
    "cx": 656.9761693758428,
    "cy": 364.3738326236059,
    "fx": 571.9375122699471,
    "fy": 571.9226840643123,
    "k1": -0.00894144282702949,
    "k2": -0.014004357096758329,
    "k3": 0.002861026434514461,
    "p1": -5.536589513658126e-05,
    "p2": -0.0010707320046471017
}

