{
    "cx": 698.5990800962377,
    "cy": 367.27151142313204,
    "fx": 566.0331047647574,
    "fy": 565.3474766403219,
    "k1": -0.3422174988700244,
    "k2": 0.1041919394874225,
    "k3": -0.012827025857475352,
    "p1": -0.0031897446874726626,
    "p2": 0.0007949231856134055
}

