{
    "cx": 739.5530174502504,
    "cy": 569.9170446785636,
    "fx": 768.3975302627467,
    "fy": 763.7544963783404,
    "k1": -0.33666806238415814,
    "k2": 0.137201860382174,
    "k3": -0.02623239873174243,
    "p1": 0.0010116274296648057,
    "p2": 0.0016340881601735388
}
