{
    "cx": 630.1677581419583,
    "cy": 371.10251376893194,
    "fx": 904.4981610983199,
    "fy": 904.1164864513927,
    "k1": 0.0401221178179865,
    "k2": -0.05744696143776942,
    "k3": -0.0032436339855195116,
    "p1": 0.0003204093624558515,
    "p2": -0.0012750681982633153
}
