{
    "cx": 620.2750774597796,
    "cy": 373.4111795659126,
    "fx": 893.7182410740265,
    "fy": 893.4463291784746,
    "k1": 0.04383049928599959,
    "k2": -0.09057348432575942,
    "k3": 0.03055905532161109,
    "p1": 0.000935940650880171,
    "p2": -0.00012384211368509016
}
