{
    "cx": 326.8664139003704,
    "cy": 241.66909058663504,
    "fx": 318.69648999230367,
    "fy": 318.0777582388605,
    "k1": -0.2706540737545378,
    "k2": 0.06397147161976964,
    "k3": -0.005928171330067159,
    "p1": -0.0020407488146710635,
    "p2": 0.0011836341510751472
}

