{
    "cx": 332.9446395562077,
    "cy": 240.6645288766319,
    "fx": 315.5275612229926,
    "fy": 315.3772263022009,
    "k1": -0.29244692889860335,
    "k2": 0.08269991062118322,
    "k3": -0.010053809924897274,
    "p1": -6.494789292652856e-05,
    "p2": 8.864554416975082e-05
}

