{
"translation_x": 0.2928782052,
"translation_y": -0.3187516358,
"translation_z": 0.19561683,
"rotation_x": 0,
"rotation_y": -0.261799,
"rotation_z": -2.00712864
}
