{
"translation_x": 0.3046784737,
"translation_y": -0.3046784737,
"translation_z": 0.198353934,
"rotation_x": 3.14159265358973,
"rotation_y": 0.26179938779,
"rotation_z": -0.78539816339 
}
