{
    "cx": 335.41769776241335,
    "cy": 230.96963530137384,
    "fx": 318.87953709312285,
    "fy": 318.52589147803934,
    "k1": -0.2744363378886376,
    "k2": 0.06768579389000617,
    "k3": -0.006807655184957542,
    "p1": 0.0014732205994854727,
    "p2": 0.001876027475140166
}
