{
    "cx": 325.8544289121833,
    "cy": 221.20326829426668,
    "fx": 318.76385303612045,
    "fy": 318.81439643035424,
    "k1": -0.28850668441733607,
    "k2": 0.07995831216094995,
    "k3": -0.009394436466888319,
    "p1": 0.0008506875042482715,
    "p2": 0.001191882031398448
}

