{
    "cx": 1012.0165186318737,
    "cy": 509.96268009601044,
    "fx": 598.8562147696354,
    "fy": 598.7791606886024,
    "k1": 0.01265280096846185,
    "k2": -0.02749231422823394,
    "k3": 0.004217234226796008,
    "p1": 6.344713648157099e-05,
    "p2": -0.0015890075748726767
}

